{"best_valid_f1":0.9409124282807795,"train/loss":0.48786259955830047,"train/jaccard":0.9037859797785858,"train/precision":0.951453871932081,"epoch":106,"train/f1":0.9454632018356034,"lr":1.0000000000000004e-08,"valid/f1":0.940445951272496,"valid/precision":0.9561895279403285,"_wandb":{"runtime":7019},"valid/loss":0.9237236238044241,"_timestamp":1.7758397876916716e+09,"_step":105,"valid/recall":0.9385434424049613,"valid/jaccard":0.897673520487018,"_runtime":7019,"train/recall":0.9448563958632252}