{"valid/loss":0.8553034598412721,"train/loss":0.47137871781984964,"train/f1":0.9433363375291306,"valid/jaccard":0.897826173731388,"train/precision":0.955543098717986,"lr":1.0000000000000004e-08,"_runtime":6817,"_wandb":{"runtime":6817},"train/jaccard":0.9013236823734364,"train/recall":0.9400624108242179,"epoch":88,"_timestamp":1.775345040931839e+09,"_step":87,"best_valid_f1":0.942124964262196,"valid/precision":0.9593873041890781,"valid/f1":0.9415605626524374,"valid/recall":0.9350772546393007}