{"train/f1":0.9470296419570955,"best_valid_f1":0.9522299289833562,"valid/recall":0.9476603208900641,"train/precision":0.9558246785679771,"train/loss":0.45262453821487725,"train/recall":0.9444899613331165,"lr":1.0000000000000004e-08,"valid/loss":0.6731543764472008,"train/jaccard":0.9070944509033482,"_timestamp":1.7753893847446177e+09,"epoch":109,"_runtime":17161,"_step":108,"valid/precision":0.9604439709675526,"valid/f1":0.9514495133701582,"valid/jaccard":0.9105748483758324,"_wandb":{"runtime":17161}}