{"best_valid_f1":0.9495933336888318,"valid/loss":0.614984193816781,"train/jaccard":0.9038724565566891,"_wandb":{"runtime":5421},"_step":85,"train/recall":0.941201742608788,"valid/recall":0.9472730858616543,"train/precision":0.9570908912896791,"valid/precision":0.956705654244174,"_timestamp":1.7755025100040743e+09,"train/loss":0.47229888546280563,"lr":1.0000000000000004e-08,"_runtime":5421,"valid/f1":0.9481108600273982,"train/f1":0.945131415143616,"valid/jaccard":0.9069084348336773,"epoch":86}