{"_step":126,"lr":1.0000000000000004e-08,"valid/jaccard":0.9089222921547406,"epoch":127,"train/loss":0.47740946570411325,"valid/f1":0.9498818790950532,"train/precision":0.9562429112308408,"valid/loss":0.6614419389516115,"_timestamp":1.7758226375693746e+09,"valid/precision":0.9565883156725853,"train/f1":0.949418060772793,"train/jaccard":0.9098850635183665,"best_valid_f1":0.9500387154602657,"valid/recall":0.9496783376850072,"train/recall":0.94909721270787,"_wandb":{"runtime":5995},"_runtime":5995}