{"valid/precision":0.9522865358906704,"train/precision":0.9459724809190991,"lr":1.0000000000000004e-08,"epoch":81,"valid/jaccard":0.8937764082478393,"valid/loss":0.851768009364605,"train/f1":0.937210283032476,"best_valid_f1":0.9410335824615232,"train/recall":0.9361933412708645,"valid/recall":0.937245066964288,"train/jaccard":0.8907899726495558,"valid/f1":0.9389222076163851,"_wandb":{"runtime":4010},"_timestamp":1.775303165795975e+09,"_step":80,"_runtime":4010,"train/loss":0.623390490654856}