{"valid/f1":0.9429782208607741,"train/f1":0.9436314374752185,"best_valid_f1":0.9435059391705044,"_runtime":6033,"valid/jaccard":0.9005535923618319,"train/precision":0.9537187028285155,"epoch":85,"train/recall":0.9407820552803521,"lr":1.0000000000000004e-08,"valid/loss":0.8770068637702776,"train/jaccard":0.901268695351379,"_wandb":{"runtime":6033},"valid/precision":0.959093383615867,"_step":84,"train/loss":0.46287185731861324,"_timestamp":1.7756027730945358e+09,"valid/recall":0.9380482569198741}