{"valid/precision":0.9569955849756017,"best_valid_f1":0.9439102322485226,"train/precision":0.9564622366404703,"_timestamp":1.7754324717742968e+09,"train/loss":0.42410068031814363,"train/f1":0.9475399511387315,"valid/recall":0.9368407771702094,"_wandb":{"runtime":29796},"lr":1.0000000000000004e-08,"train/recall":0.944413567536712,"_step":87,"epoch":88,"valid/loss":0.8621590163396753,"_runtime":29796,"train/jaccard":0.9070724059444814,"valid/f1":0.9394079914150361,"valid/jaccard":0.8968956909080957}