{"_step":102,"train/loss":0.3937972483690828,"best_valid_f1":0.948617919616926,"valid/recall":0.9490076818813754,"_runtime":5581,"valid/loss":0.7634083982557058,"valid/precision":0.9571987862318512,"valid/f1":0.9485201983524624,"_wandb":{"runtime":5581},"lr":1.0000000000000004e-08,"epoch":103,"valid/jaccard":0.908752317452302,"train/jaccard":0.9225388413204827,"_timestamp":1.775678904336061e+09,"train/precision":0.9611570077185009,"train/f1":0.9575164958728827,"train/recall":0.9572647732422936}